,year,month,nightly_price,occupancy_rate
2096999,2018,1,100.0,0.0
2096999,2018,2,99.0,0.0
2096999,2018,3,102.0,0.6451612903225806
2096999,2018,4,98.0,0.7
2096999,2018,5,97.0,0.967741935483871
2096999,2018,6,104.0,0.3
2096999,2018,7,97.0,0.0
2096999,2018,8,98.0,1.0
2096999,2018,9,98.0,1.0
2096999,2018,10,97.0,1.0
2096999,2018,11,104.0,0.3666666666666666
2096999,2018,12,102.0,0.0
2096999,2019,1,97.0,0.1612903225806451
2096999,2019,2,110.0,0.1071428571428571
2096999,2019,3,95.0,0.6129032258064516
2096999,2019,4,93.0,0.8666666666666667
2096999,2019,5,92.0,0.7741935483870968
2096999,2019,6,93.0,1.0
2096999,2019,7,92.0,0.935483870967742
2096999,2019,8,94.0,1.0
2096999,2019,9,91.0,1.0
2096999,2019,10,91.0,1.0
2096999,2019,11,99.0,0.9333333333333332
2096999,2019,12,125.0,0.064516129032258
2096999,2020,1,101.0,0.3225806451612903
2096999,2020,2,97.0,1.0
2096999,2020,3,96.0,0.2258064516129032
2096999,2020,4,95.0,0.9
2096999,2020,5,95.0,0.8709677419354839
2096999,2020,9,96.0,0.97
2096999,2020,10,100.0,0.35
2096999,2020,11,96.0,1.0
2096999,2020,12,96.0,0.97
2096999,2020,6,96.0,1.0
2096999,2020,7,96.0,0.45
2096999,2020,8,97.0,0.0
2096999,2021,1,0.0,0.0
2096999,2021,2,96.0,1.0
2096999,2021,3,96.0,0.81
2096999,2021,4,97.0,1.0
2096999,2021,5,97.0,1.0
2298612,2018,1,90.0,0.1935483870967742
2298612,2018,2,90.0,0.1428571428571428
2298612,2018,3,102.0,0.8709677419354839
2298612,2018,4,122.0,0.4333333333333333
2298612,2018,5,116.0,0.8387096774193549
2298612,2018,6,98.0,0.9
2298612,2018,7,89.0,0.6451612903225806
2298612,2018,8,86.0,0.8709677419354839
2298612,2018,9,106.0,0.7
2298612,2018,10,95.0,0.7741935483870968
2298612,2018,11,90.0,0.7
2298612,2018,12,90.0,0.4838709677419355
2298612,2019,1,90.0,0.7096774193548387
2298612,2019,2,93.0,0.3214285714285714
2298612,2019,3,92.0,0.8709677419354839
2298612,2019,4,91.0,0.9
2298612,2019,5,91.0,0.8387096774193549
2298612,2019,6,94.0,0.8
2298612,2019,7,92.0,0.8709677419354839
2298612,2019,8,91.0,0.7096774193548387
2298612,2019,9,92.0,0.4666666666666667
2298612,2019,10,90.0,0.2580645161290322
2298612,2019,11,90.0,0.3666666666666666
2298612,2019,12,103.0,0.032258064516129
2298612,2020,1,92.0,0.6129032258064516
2298612,2020,2,93.0,0.5862068965517241
2298612,2020,3,90.0,0.4193548387096774
2298612,2020,4,90.0,0.0333333333333333
2298612,2020,5,90.0,0.0
2298612,2020,6,90.0,1.0
2298612,2020,7,90.0,0.03
2298612,2020,8,100.0,0.0
2298612,2020,9,97.0,0.43
2298612,2020,10,90.0,0.45
2298612,2020,11,92.0,0.2
2298612,2020,12,123.0,0.35
2298612,2021,1,0.0,0.0
2298612,2021,2,0.0,0.0
2298612,2021,3,0.0,0.0
2298612,2021,4,0.0,0.0
2298612,2021,5,110.0,0.84
4172233,2018,1,82.0,0.7419354838709677
4172233,2018,2,83.0,0.3214285714285714
4172233,2018,3,83.0,0.7741935483870968
4172233,2018,4,82.0,0.7333333333333333
4172233,2018,5,84.0,0.3870967741935484
4172233,2018,6,82.0,0.8333333333333334
4172233,2018,7,82.0,0.7419354838709677
4172233,2018,8,83.0,0.4193548387096774
4172233,2018,9,83.0,0.4
4172233,2018,10,82.0,0.4516129032258064
4172233,2018,11,80.0,0.7333333333333333
4172233,2018,12,83.0,0.4838709677419355
4172233,2019,1,81.0,0.032258064516129
4172233,2019,2,84.0,0.2857142857142857
4172233,2019,3,83.0,0.7419354838709677
4172233,2019,4,83.0,0.5
4172233,2019,5,83.0,0.5161290322580645
4172233,2019,6,82.0,1.0
4172233,2019,7,82.0,1.0
4172233,2019,8,82.0,0.2903225806451613
4172233,2019,9,82.0,0.8666666666666667
4172233,2019,10,83.0,0.5161290322580645
4172233,2019,11,83.0,0.5666666666666667
4172233,2019,12,83.0,0.3870967741935484
4172233,2020,1,82.0,1.0
4172233,2020,2,82.0,1.0
4172233,2020,3,82.0,0.6451612903225806
4172233,2020,4,81.0,0.1
4172233,2020,5,82.0,0.967741935483871
4172233,2020,9,82.0,1.0
4172233,2020,10,82.0,1.0
4172233,2020,11,82.0,1.0
4172233,2020,12,82.0,1.0
4172233,2020,6,82.0,0.97
4172233,2020,7,82.0,1.0
4172233,2020,8,82.0,1.0
4172233,2021,1,82.0,1.0
4172233,2021,2,82.0,1.0
4172233,2021,3,82.0,1.0
4172233,2021,4,82.0,1.0
4172233,2021,5,82.0,0.94
5956092,2018,1,94.0,0.5161290322580645
5956092,2018,2,94.0,0.3214285714285714
5956092,2018,3,92.0,0.8387096774193549
5956092,2018,4,94.0,0.4666666666666667
5956092,2018,5,93.0,0.8387096774193549
5956092,2018,6,92.0,0.8
5956092,2018,7,91.0,0.7419354838709677
5956092,2018,8,93.0,0.6129032258064516
5956092,2018,9,95.0,0.1
5956092,2018,10,92.0,0.8387096774193549
5956092,2018,11,92.0,0.8666666666666667
5956092,2018,12,94.0,0.4516129032258064
5956092,2019,1,92.0,0.4516129032258064
5956092,2019,2,92.0,0.8928571428571429
5956092,2019,3,92.0,0.8709677419354839
5956092,2019,4,92.0,0.7666666666666667
5956092,2019,5,92.0,0.8064516129032258
5956092,2019,6,92.0,0.9666666666666668
5956092,2019,7,100.0,0.7096774193548387
5956092,2019,8,101.0,0.6774193548387096
5956092,2019,9,103.0,0.5333333333333333
5956092,2019,10,100.0,0.7741935483870968
5956092,2019,11,103.0,0.5
5956092,2019,12,113.0,0.1935483870967742
5956092,2020,1,102.0,0.3548387096774194
5956092,2020,2,106.0,0.6206896551724138
5956092,2020,3,101.0,0.6129032258064516
5956092,2020,4,99.0,1.0
5956092,2020,5,100.0,1.0
5956092,2020,6,100.0,0.73
5956092,2020,7,104.0,0.39
5956092,2020,8,105.0,0.1
5956092,2020,9,100.0,0.37
5956092,2020,10,95.0,0.06
5956092,2020,11,99.0,0.9
5956092,2020,12,102.0,0.29
5956092,2021,1,103.0,0.68
5956092,2021,2,101.0,0.86
5956092,2021,3,100.0,0.84
5956092,2021,4,100.0,0.97
5956092,2021,5,99.0,1.0
7715777,2018,1,900.0,0.2258064516129032
7715777,2018,2,983.0,0.2142857142857142
7715777,2018,3,681.0,0.6774193548387096
7715777,2018,4,747.0,0.6
7715777,2018,5,753.0,0.4193548387096774
7715777,2018,6,700.0,0.7666666666666667
7715777,2018,7,731.0,0.5161290322580645
7715777,2018,8,711.0,0.6451612903225806
7715777,2018,9,1075.0,0.4
7715777,2018,10,902.0,0.3870967741935484
7715777,2018,11,716.0,0.6333333333333333
7715777,2018,12,811.0,0.5161290322580645
7715777,2019,1,728.0,0.2903225806451613
7715777,2019,2,632.0,0.4285714285714285
7715777,2019,3,597.0,0.5483870967741935
7715777,2019,4,575.0,0.9333333333333332
7715777,2019,5,661.0,0.8064516129032258
7715777,2019,6,722.0,0.6
7715777,2019,7,663.0,0.8064516129032258
7715777,2019,8,658.0,0.7419354838709677
7715777,2019,9,725.0,0.7
7715777,2019,10,726.0,0.8064516129032258
7715777,2019,11,619.0,0.9
7715777,2019,12,726.0,0.5483870967741935
7715777,2020,1,435.0,0.935483870967742
7715777,2020,2,596.0,0.7241379310344828
7715777,2020,3,441.0,0.8064516129032258
7715777,2020,4,342.0,0.6666666666666666
7715777,2020,5,518.0,0.967741935483871
7715777,2020,6,612.0,0.9
7715777,2020,7,622.0,0.94
7715777,2020,8,611.0,1.0
7715777,2020,9,680.0,0.83
7715777,2020,10,651.0,0.87
7715777,2020,11,657.0,0.93
7715777,2020,12,666.0,0.77
7715777,2021,1,679.0,0.74
7715777,2021,2,645.0,0.39
7715777,2021,3,609.0,0.94
7715777,2021,4,607.0,0.9
7715777,2021,5,728.0,0.71
8194959,2018,1,81.0,0.6129032258064516
8194959,2018,2,82.0,0.6071428571428571
8194959,2018,3,82.0,0.7419354838709677
8194959,2018,4,82.0,0.6333333333333333
8194959,2018,5,79.0,0.935483870967742
8194959,2018,6,82.0,0.5333333333333333
8194959,2018,7,85.0,0.8064516129032258
8194959,2018,8,76.0,0.967741935483871
8194959,2018,9,80.0,0.6
8194959,2018,10,78.0,0.7419354838709677
8194959,2018,11,83.0,0.8333333333333334
8194959,2018,12,82.0,0.2580645161290322
8194959,2019,1,82.0,0.3870967741935484
8194959,2019,2,83.0,0.4642857142857143
8194959,2019,3,81.0,0.7419354838709677
8194959,2019,4,77.0,0.6
8194959,2019,5,81.0,0.5806451612903226
8194959,2019,6,83.0,0.6666666666666666
8194959,2019,7,78.0,0.6129032258064516
8194959,2019,8,79.0,0.8064516129032258
8194959,2019,9,77.0,0.8333333333333334
8194959,2019,10,80.0,0.7741935483870968
8194959,2019,11,79.0,0.8333333333333334
8194959,2019,12,87.0,0.3548387096774194
8194959,2020,1,80.0,0.8709677419354839
8194959,2020,2,79.0,0.7586206896551724
8194959,2020,3,77.0,0.3870967741935484
8194959,2020,4,76.0,0.4333333333333333
8194959,2020,5,76.0,0.9032258064516128
8194959,2020,6,76.0,0.67
8194959,2020,7,75.0,0.13
8194959,2020,8,78.0,0.0
8194959,2020,9,101.0,0.43
8194959,2020,10,100.0,0.0
8194959,2020,11,102.0,0.0
8194959,2020,12,101.0,0.52
8194959,2021,1,0.0,0.0
8194959,2021,2,100.0,0.64
8194959,2021,3,100.0,0.16
8194959,2021,4,100.0,0.2
8194959,2021,5,101.0,0.9
8799838,2018,1,80.0,0.2580645161290322
8799838,2018,2,80.0,0.1428571428571428
8799838,2018,3,81.0,0.6774193548387096
8799838,2018,4,81.0,0.4666666666666667
8799838,2018,5,82.0,0.7741935483870968
8799838,2018,6,83.0,0.7333333333333333
8799838,2018,7,80.0,0.7096774193548387
8799838,2018,8,78.0,0.8387096774193549
8799838,2018,9,80.0,0.6333333333333333
8799838,2018,10,80.0,0.8064516129032258
8799838,2018,11,90.0,0.9
8799838,2018,12,100.0,1.0
8799838,2019,1,92.0,0.5806451612903226
8799838,2019,2,84.0,0.7142857142857143
8799838,2019,3,87.0,0.935483870967742
8799838,2019,4,82.0,0.8333333333333334
8799838,2019,5,82.0,0.967741935483871
8799838,2019,6,95.0,0.8
8799838,2019,7,97.0,0.4838709677419355
8799838,2019,8,90.0,0.5483870967741935
8799838,2019,9,88.0,0.6333333333333333
8799838,2019,10,90.0,0.6451612903225806
8799838,2019,11,97.0,0.7666666666666667
8799838,2019,12,104.0,0.4193548387096774
8799838,2020,1,107.0,0.4838709677419355
8799838,2020,2,100.0,0.7586206896551724
8799838,2020,3,102.0,0.2258064516129032
8799838,2020,4,50.0,0.9666666666666668
8799838,2020,5,87.0,0.4838709677419355
8799838,2020,6,100.0,0.73
8799838,2020,7,104.0,0.61
8799838,2020,8,120.0,0.81
8799838,2020,9,102.0,0.93
8799838,2020,10,95.0,0.68
8799838,2020,11,97.0,0.73
8799838,2020,12,100.0,0.48
8799838,2021,1,99.0,0.61
8799838,2021,2,98.0,0.64
8799838,2021,3,102.0,0.52
8799838,2021,4,104.0,0.2
8799838,2021,5,102.0,0.74
9575060,2018,1,114.0,0.8064516129032258
9575060,2018,2,122.0,0.3571428571428571
9575060,2018,3,120.0,0.967741935483871
9575060,2018,4,114.0,0.1666666666666666
9575060,2018,5,116.0,0.8709677419354839
9575060,2018,6,122.0,0.5
9575060,2018,7,106.0,0.4193548387096774
9575060,2018,8,118.0,0.7096774193548387
9575060,2018,9,116.0,0.2333333333333333
9575060,2018,10,119.0,0.5161290322580645
9575060,2018,11,113.0,0.6666666666666666
9575060,2018,12,108.0,0.2580645161290322
9575060,2019,1,113.0,0.4193548387096774
9575060,2019,2,110.0,0.8928571428571429
9575060,2019,3,112.0,0.6774193548387096
9575060,2019,4,112.0,0.7666666666666667
9575060,2019,5,113.0,0.7419354838709677
9575060,2019,6,114.0,0.8333333333333334
9575060,2019,7,109.0,0.4516129032258064
9575060,2019,8,108.0,0.5161290322580645
9575060,2019,9,100.0,0.7666666666666667
9575060,2019,10,110.0,0.4838709677419355
9575060,2019,11,110.0,0.6666666666666666
9575060,2019,12,112.0,0.0967741935483871
9575060,2020,1,108.0,0.7096774193548387
9575060,2020,2,110.0,0.6896551724137931
9575060,2020,3,112.0,0.7741935483870968
9575060,2020,4,108.0,1.0
9575060,2020,5,108.0,1.0
9575060,2020,6,108.0,1.0
9575060,2020,7,108.0,0.58
9575060,2020,8,108.0,0.0
9575060,2020,9,105.0,0.67
9575060,2020,10,115.0,0.19
9575060,2020,11,111.0,0.9
9575060,2020,12,118.0,0.48
9575060,2021,1,112.0,0.58
9575060,2021,2,113.0,0.89
9575060,2021,3,115.0,0.71
9575060,2021,4,109.0,0.47
9575060,2021,5,114.0,1.0
9759515,2018,1,93.0,0.967741935483871
9759515,2018,2,94.0,0.4642857142857143
9759515,2018,3,90.0,0.9032258064516128
9759515,2018,4,91.0,0.6
9759515,2018,5,96.0,0.7741935483870968
9759515,2018,6,101.0,0.9
9759515,2018,7,105.0,0.8064516129032258
9759515,2018,8,104.0,0.8709677419354839
9759515,2018,9,104.0,0.7666666666666667
9759515,2018,10,104.0,0.6774193548387096
9759515,2018,11,102.0,0.9
9759515,2018,12,102.0,0.7419354838709677
9759515,2019,1,99.0,0.4516129032258064
9759515,2019,2,98.0,0.5714285714285714
9759515,2019,3,101.0,0.8064516129032258
9759515,2019,4,99.0,0.6
9759515,2019,5,101.0,0.967741935483871
9759515,2019,6,103.0,0.9
9759515,2019,7,101.0,0.8709677419354839
9759515,2019,8,99.0,0.6451612903225806
9759515,2019,9,97.0,0.7666666666666667
9759515,2019,10,99.0,0.6774193548387096
9759515,2019,11,101.0,0.9
9759515,2019,12,101.0,0.5161290322580645
9759515,2020,1,104.0,0.5806451612903226
9759515,2020,2,110.0,0.7241379310344828
9759515,2020,3,117.0,0.8387096774193549
9759515,2020,4,117.0,0.5666666666666667
9759515,2020,5,117.0,1.0
9759515,2020,6,117.0,0.47
9759515,2020,7,118.0,0.87
9759515,2020,8,117.0,0.19
9759515,2020,9,118.0,1.0
9759515,2020,10,120.0,0.55
9759515,2020,11,118.0,0.0
9759515,2020,12,118.0,0.0
9759515,2021,1,122.0,0.68
9759515,2021,2,119.0,0.89
9759515,2021,3,118.0,0.42
9759515,2021,4,126.0,0.1
9759515,2021,5,139.0,0.87
12731709,2018,1,118.0,0.7419354838709677
12731709,2018,2,128.0,0.3571428571428571
12731709,2018,3,153.0,0.7741935483870968
12731709,2018,4,164.0,0.4666666666666667
12731709,2018,5,146.0,0.5806451612903226
12731709,2018,6,156.0,0.6666666666666666
12731709,2018,7,137.0,0.6774193548387096
12731709,2018,8,152.0,0.8387096774193549
12731709,2018,9,155.0,0.4333333333333333
12731709,2018,10,142.0,0.5483870967741935
12731709,2018,11,154.0,0.7666666666666667
12731709,2018,12,153.0,0.5161290322580645
12731709,2019,1,144.0,0.3870967741935484
12731709,2019,2,141.0,0.4642857142857143
12731709,2019,3,161.0,0.5483870967741935
12731709,2019,4,168.0,0.3333333333333333
12731709,2019,5,156.0,0.6451612903225806
12731709,2019,6,151.0,1.0
12731709,2019,7,150.0,0.9032258064516128
12731709,2019,8,151.0,0.0
12731709,2019,9,152.0,0.7
12731709,2019,10,139.0,0.6129032258064516
12731709,2019,11,156.0,0.3
12731709,2019,12,150.0,0.3548387096774194
12731709,2020,1,152.0,0.6451612903225806
12731709,2020,2,153.0,0.7586206896551724
12731709,2020,3,155.0,0.8387096774193549
12731709,2020,4,149.0,0.9333333333333332
12731709,2020,5,151.0,1.0
12731709,2020,6,149.0,1.0
12731709,2020,7,163.0,1.0
12731709,2020,8,150.0,1.0
12731709,2020,9,150.0,0.93
12731709,2020,10,152.0,0.97
12731709,2020,11,148.0,0.97
12731709,2020,12,149.0,1.0
12731709,2021,1,151.0,1.0
12731709,2021,2,150.0,1.0
12731709,2021,3,149.0,1.0
12731709,2021,4,165.0,1.0
12731709,2021,5,154.0,0.87
13452559,2018,1,79.0,0.0967741935483871
13452559,2018,2,89.0,0.0
13452559,2018,3,80.0,0.7096774193548387
13452559,2018,4,81.0,0.3666666666666666
13452559,2018,5,80.0,0.5161290322580645
13452559,2018,6,85.0,0.5
13452559,2018,7,94.0,0.1612903225806451
13452559,2018,8,89.0,0.1612903225806451
13452559,2018,9,89.0,0.1333333333333333
13452559,2018,10,104.0,0.6774193548387096
13452559,2018,11,78.0,0.6
13452559,2018,12,101.0,0.5806451612903226
13452559,2019,1,80.0,0.2258064516129032
13452559,2019,2,75.0,0.5357142857142857
13452559,2019,3,80.0,1.0
13452559,2019,4,80.0,1.0
13452559,2019,5,79.0,0.8387096774193549
13452559,2019,6,93.0,0.9666666666666668
13452559,2019,7,87.0,1.0
13452559,2019,8,82.0,0.967741935483871
13452559,2019,9,80.0,0.7
13452559,2019,10,91.0,0.8709677419354839
13452559,2019,11,82.0,0.9666666666666668
13452559,2019,12,81.0,0.0
13452559,2020,1,80.0,0.7741935483870968
13452559,2020,2,76.0,0.6551724137931034
13452559,2020,3,79.0,0.967741935483871
13452559,2020,4,47.0,0.9666666666666668
13452559,2020,5,45.0,0.935483870967742
13452559,2020,6,79.0,0.9
13452559,2020,7,78.0,1.0
13452559,2020,8,79.0,0.71
13452559,2020,9,83.0,1.0
13452559,2020,10,82.0,0.39
13452559,2020,11,81.0,1.0
13452559,2020,12,83.0,0.0
13452559,2021,1,0.0,0.0
13452559,2021,2,80.0,0.68
13452559,2021,3,86.0,0.0
13452559,2021,4,80.0,0.83
13452559,2021,5,75.0,0.97
14012867,2018,1,77.0,0.6451612903225806
14012867,2018,2,83.0,0.5
14012867,2018,3,77.0,0.935483870967742
14012867,2018,4,80.0,0.6333333333333333
14012867,2018,5,76.0,0.8709677419354839
14012867,2018,6,76.0,0.8333333333333334
14012867,2018,7,77.0,0.6774193548387096
14012867,2018,8,77.0,0.8064516129032258
14012867,2018,9,86.0,0.3
14012867,2018,10,76.0,0.6451612903225806
14012867,2018,11,74.0,0.8666666666666667
14012867,2018,12,78.0,0.2903225806451613
14012867,2019,1,67.0,0.3225806451612903
14012867,2019,2,73.0,0.6785714285714286
14012867,2019,3,73.0,0.9032258064516128
14012867,2019,4,72.0,0.7333333333333333
14012867,2019,5,71.0,0.8387096774193549
14012867,2019,6,69.0,0.8333333333333334
14012867,2019,7,70.0,0.7419354838709677
14012867,2019,8,73.0,0.7419354838709677
14012867,2019,9,69.0,0.7666666666666667
14012867,2019,10,71.0,0.7741935483870968
14012867,2019,11,74.0,0.7666666666666667
14012867,2019,12,79.0,0.2903225806451613
14012867,2020,1,72.0,0.9032258064516128
14012867,2020,2,71.0,0.9310344827586208
14012867,2020,3,63.0,0.935483870967742
14012867,2020,4,50.0,0.8666666666666667
14012867,2020,5,61.0,0.967741935483871
14012867,2020,6,71.0,0.9
14012867,2020,7,75.0,0.58
14012867,2020,8,72.0,0.87
14012867,2020,9,74.0,0.83
14012867,2020,10,77.0,0.16
14012867,2020,11,74.0,0.73
14012867,2020,12,87.0,0.06
14012867,2021,1,80.0,0.55
14012867,2021,2,76.0,0.75
14012867,2021,3,78.0,0.06
14012867,2021,4,82.0,0.1
14012867,2021,5,77.0,0.87
14874622,2018,1,96.0,0.8064516129032258
14874622,2018,2,104.0,0.6785714285714286
14874622,2018,3,101.0,0.8709677419354839
14874622,2018,4,114.0,0.6666666666666666
14874622,2018,5,113.0,0.7741935483870968
14874622,2018,6,110.0,0.9333333333333332
14874622,2018,7,107.0,0.9032258064516128
14874622,2018,8,95.0,0.8709677419354839
14874622,2018,9,149.0,0.3333333333333333
14874622,2018,10,171.0,0.4516129032258064
14874622,2018,11,97.0,0.8333333333333334
14874622,2018,12,81.0,0.3225806451612903
14874622,2019,1,135.0,0.2903225806451613
14874622,2019,2,92.0,0.75
14874622,2019,3,123.0,0.935483870967742
14874622,2019,4,95.0,0.7333333333333333
14874622,2019,5,99.0,0.7741935483870968
14874622,2019,6,94.0,0.8333333333333334
14874622,2019,7,105.0,0.6451612903225806
14874622,2019,8,155.0,0.064516129032258
14874622,2019,9,94.0,0.8333333333333334
14874622,2019,10,158.0,0.4516129032258064
14874622,2019,11,118.0,0.7333333333333333
14874622,2019,12,168.0,0.4516129032258064
14874622,2020,1,94.0,0.8387096774193549
14874622,2020,2,113.0,0.8275862068965517
14874622,2020,3,94.0,0.6129032258064516
14874622,2020,4,58.0,0.9
14874622,2020,5,67.0,0.8387096774193549
14874622,2020,6,90.0,0.97
14874622,2020,7,131.0,0.39
14874622,2020,8,82.0,0.77
14874622,2020,9,85.0,0.87
14874622,2020,10,109.0,0.0
14874622,2020,11,114.0,0.0
14874622,2020,12,124.0,0.0
14874622,2021,1,106.0,0.68
14874622,2021,2,89.0,0.89
14874622,2021,3,94.0,0.94
14874622,2021,4,120.0,0.4
14874622,2021,5,109.0,1.0
15043275,2018,1,73.0,0.9032258064516128
15043275,2018,2,87.0,0.3928571428571428
15043275,2018,3,77.0,0.935483870967742
15043275,2018,4,79.0,0.7333333333333333
15043275,2018,5,81.0,0.6129032258064516
15043275,2018,6,81.0,0.6333333333333333
15043275,2018,7,75.0,0.8387096774193549
15043275,2018,8,76.0,0.7741935483870968
15043275,2018,9,76.0,0.6
15043275,2018,10,80.0,0.5161290322580645
15043275,2018,11,77.0,0.5666666666666667
15043275,2018,12,81.0,0.5161290322580645
15043275,2019,1,71.0,0.6774193548387096
15043275,2019,2,72.0,0.75
15043275,2019,3,72.0,0.935483870967742
15043275,2019,4,69.0,0.7
15043275,2019,5,71.0,0.935483870967742
15043275,2019,6,71.0,0.7666666666666667
15043275,2019,7,73.0,0.7741935483870968
15043275,2019,8,73.0,0.4516129032258064
15043275,2019,9,70.0,0.6666666666666666
15043275,2019,10,68.0,0.8064516129032258
15043275,2019,11,75.0,0.7
15043275,2019,12,85.0,0.0967741935483871
15043275,2020,1,70.0,0.6451612903225806
15043275,2020,2,73.0,0.8620689655172413
15043275,2020,3,51.0,0.8387096774193549
15043275,2020,4,49.0,0.6
15043275,2020,5,60.0,0.935483870967742
15043275,2020,6,70.0,0.97
15043275,2020,7,72.0,0.65
15043275,2020,8,72.0,0.81
15043275,2020,9,71.0,0.67
15043275,2020,10,73.0,0.87
15043275,2020,11,76.0,0.73
15043275,2020,12,73.0,0.65
15043275,2021,3,82.0,0.19
15043275,2021,4,80.0,0.13
15043275,2021,5,75.0,0.9
15043275,2021,1,75.0,0.45
15043275,2021,2,76.0,0.96
15050487,2018,1,140.0,0.0
15050487,2018,2,147.0,0.0714285714285714
15050487,2018,3,128.0,0.7419354838709677
15050487,2018,4,131.0,0.6666666666666666
15050487,2018,5,131.0,0.8064516129032258
15050487,2018,6,140.0,0.6
15050487,2018,7,135.0,0.7096774193548387
15050487,2018,8,122.0,0.967741935483871
15050487,2018,9,133.0,0.3666666666666666
15050487,2018,10,139.0,0.4193548387096774
15050487,2018,11,135.0,0.6666666666666666
15050487,2018,12,157.0,0.4516129032258064
15050487,2019,1,131.0,0.967741935483871
15050487,2019,2,122.0,0.3571428571428571
15050487,2019,3,135.0,0.5483870967741935
15050487,2019,4,135.0,0.5666666666666667
15050487,2019,5,143.0,0.5483870967741935
15050487,2019,6,139.0,0.5
15050487,2019,7,140.0,0.2258064516129032
15050487,2019,8,160.0,0.3225806451612903
15050487,2019,9,152.0,0.5
15050487,2019,10,155.0,0.6451612903225806
15050487,2019,11,124.0,0.6666666666666666
15050487,2019,12,156.0,0.6774193548387096
15050487,2020,1,153.0,0.4193548387096774
15050487,2020,2,155.0,1.0
15050487,2020,3,155.0,0.9032258064516128
15050487,2020,4,133.0,1.0
15050487,2020,5,135.0,1.0
15050487,2020,6,135.0,1.0
15050487,2020,7,135.0,0.87
15050487,2020,8,135.0,0.55
15050487,2020,9,159.0,1.0
15050487,2020,10,159.0,0.52
15050487,2020,11,165.0,0.7
15050487,2020,12,172.0,0.81
15050487,2021,1,157.0,1.0
15050487,2021,2,161.0,1.0
15050487,2021,3,162.0,1.0
15050487,2021,4,160.0,1.0
15050487,2021,5,160.0,1.0
15454467,2018,1,62.0,0.0
15454467,2018,2,65.0,0.0
15454467,2018,3,50.0,0.7741935483870968
15454467,2018,4,50.0,0.7333333333333333
15454467,2018,5,52.0,0.967741935483871
15454467,2018,6,51.0,1.0
15454467,2018,7,53.0,0.8709677419354839
15454467,2018,8,50.0,0.8064516129032258
15454467,2018,9,59.0,0.8333333333333334
15454467,2018,10,67.0,0.5161290322580645
15454467,2018,11,59.0,0.9
15454467,2018,12,66.0,0.6129032258064516
15454467,2019,1,55.0,0.5806451612903226
15454467,2019,2,50.0,1.0
15454467,2019,3,50.0,1.0
15454467,2019,4,56.0,0.8333333333333334
15454467,2019,5,60.0,0.9032258064516128
15454467,2019,6,63.0,0.9
15454467,2019,7,59.0,0.967741935483871
15454467,2019,8,56.0,1.0
15454467,2019,9,58.0,0.3666666666666666
15454467,2019,10,50.0,0.1935483870967742
15454467,2019,11,58.0,0.0
15454467,2019,12,50.0,0.0
15454467,2020,1,69.0,0.7741935483870968
15454467,2020,2,61.0,0.9310344827586208
15454467,2020,3,55.0,0.7096774193548387
15454467,2020,4,63.0,0.9333333333333332
15454467,2020,5,61.0,0.0
15454467,2020,6,63.0,0.87
15454467,2020,7,52.0,1.0
15454467,2020,8,52.0,0.35
15454467,2020,9,64.0,0.73
15454467,2020,10,71.0,1.0
15454467,2020,11,69.0,0.77
15454467,2020,12,70.0,0.74
15454467,2021,1,73.0,0.55
15454467,2021,2,80.0,0.0
15454467,2021,3,81.0,0.0
15454467,2021,4,84.0,0.87
15454467,2021,5,83.0,0.9
15759283,2018,1,107.0,1.0
15759283,2018,2,106.0,1.0
15759283,2018,3,107.0,1.0
15759283,2018,4,106.0,0.7
15759283,2018,5,109.0,0.6774193548387096
15759283,2018,6,108.0,1.0
15759283,2018,7,106.0,1.0
15759283,2018,8,113.0,0.5483870967741935
15759283,2018,9,115.0,0.1666666666666666
15759283,2018,10,112.0,0.3225806451612903
15759283,2018,11,108.0,0.7
15759283,2018,12,115.0,0.3225806451612903
15759283,2019,1,106.0,0.5161290322580645
15759283,2019,2,106.0,1.0
15759283,2019,3,107.0,1.0
15759283,2019,4,106.0,1.0
15759283,2019,5,108.0,0.8709677419354839
15759283,2019,6,107.0,1.0
15759283,2019,7,106.0,1.0
15759283,2019,8,86.0,0.5806451612903226
15759283,2019,9,98.0,0.7666666666666667
15759283,2019,10,94.0,0.9032258064516128
15759283,2019,11,98.0,0.8
15759283,2019,12,114.0,0.3548387096774194
15759283,2020,1,93.0,1.0
15759283,2020,2,93.0,1.0
15759283,2020,3,102.0,0.0967741935483871
15759283,2020,4,102.0,0.1
15759283,2020,5,102.0,0.5483870967741935
15759283,2020,6,91.0,0.97
15759283,2020,7,96.0,1.0
15759283,2020,8,101.0,0.97
15759283,2020,9,92.0,1.0
15759283,2020,10,101.0,1.0
15759283,2020,11,99.0,1.0
15759283,2020,12,100.0,0.58
15759283,2021,1,101.0,0.97
15759283,2021,2,100.0,1.0
15759283,2021,3,99.0,1.0
15759283,2021,4,101.0,0.93
15759283,2021,5,100.0,1.0
16353509,2018,1,60.0,0.8064516129032258
16353509,2018,2,64.0,0.1428571428571428
16353509,2018,3,49.0,1.0
16353509,2018,4,59.0,0.4666666666666667
16353509,2018,5,42.0,1.0
16353509,2018,6,53.0,0.8666666666666667
16353509,2018,7,54.0,0.9032258064516128
16353509,2018,8,48.0,1.0
16353509,2018,9,45.0,0.9666666666666668
16353509,2018,10,46.0,0.967741935483871
16353509,2018,11,40.0,1.0
16353509,2018,12,48.0,0.7419354838709677
16353509,2019,1,51.0,0.6774193548387096
16353509,2019,2,46.0,0.9285714285714286
16353509,2019,3,52.0,1.0
16353509,2019,4,49.0,0.9666666666666668
16353509,2019,5,51.0,1.0
16353509,2019,6,48.0,0.9666666666666668
16353509,2019,7,51.0,0.935483870967742
16353509,2019,8,58.0,0.967741935483871
16353509,2019,9,49.0,0.9666666666666668
16353509,2019,10,48.0,1.0
16353509,2019,11,50.0,1.0
16353509,2019,12,46.0,0.8709677419354839
16353509,2020,1,63.0,0.967741935483871
16353509,2020,2,64.0,1.0
16353509,2020,3,58.0,0.7741935483870968
16353509,2020,4,45.0,0.5666666666666667
16353509,2020,5,45.0,1.0
16353509,2020,6,50.0,0.97
16353509,2020,7,55.0,1.0
16353509,2020,8,53.0,0.97
16353509,2020,9,54.0,0.9
16353509,2020,10,57.0,0.94
16353509,2020,11,57.0,0.97
16353509,2020,12,59.0,0.9
16353509,2021,1,57.0,0.94
16353509,2021,2,58.0,0.86
16353509,2021,3,54.0,1.0
16353509,2021,4,59.0,0.87
16353509,2021,5,63.0,1.0
16437073,2018,1,140.0,0.1935483870967742
16437073,2018,2,137.0,0.1071428571428571
16437073,2018,3,96.0,0.4516129032258064
16437073,2018,4,101.0,0.3666666666666666
16437073,2018,5,104.0,0.7741935483870968
16437073,2018,6,94.0,0.8
16437073,2018,7,104.0,0.7419354838709677
16437073,2018,8,143.0,0.1612903225806451
16437073,2018,9,326.0,1.0
16437073,2018,10,293.0,0.967741935483871
16437073,2018,11,291.0,1.0
16437073,2018,12,113.0,0.3870967741935484
16437073,2019,1,75.0,0.5806451612903226
16437073,2019,2,71.0,0.7142857142857143
16437073,2019,3,91.0,0.9032258064516128
16437073,2019,4,79.0,0.8666666666666667
16437073,2019,5,104.0,0.8709677419354839
16437073,2019,6,101.0,1.0
16437073,2019,7,100.0,1.0
16437073,2019,8,101.0,0.3870967741935484
16437073,2019,9,85.0,0.8666666666666667
16437073,2019,10,99.0,0.4838709677419355
16437073,2019,11,90.0,0.9
16437073,2019,12,115.0,0.4516129032258064
16437073,2020,1,94.0,0.6129032258064516
16437073,2020,2,92.0,0.6551724137931034
16437073,2020,3,98.0,0.6451612903225806
16437073,2020,4,79.0,0.6
16437073,2020,5,102.0,0.967741935483871
16437073,2020,6,100.0,0.9
16437073,2020,7,105.0,1.0
16437073,2020,8,100.0,0.74
16437073,2020,9,154.0,1.0
16437073,2020,10,155.0,0.16
16437073,2020,11,250.0,1.0
16437073,2020,12,200.0,0.58
16437073,2021,1,160.0,0.87
16437073,2021,2,105.0,0.79
16437073,2021,3,153.0,0.68
16437073,2021,4,250.0,1.0
16437073,2021,5,214.0,0.81
16960671,2018,1,74.0,0.967741935483871
16960671,2018,2,80.0,0.6428571428571429
16960671,2018,3,87.0,1.0
16960671,2018,4,101.0,0.7333333333333333
16960671,2018,5,85.0,0.8709677419354839
16960671,2018,6,84.0,1.0
16960671,2018,7,83.0,1.0
16960671,2018,8,87.0,1.0
16960671,2018,9,103.0,0.8666666666666667
16960671,2018,10,94.0,0.967741935483871
16960671,2018,11,86.0,0.9666666666666668
16960671,2018,12,83.0,0.7741935483870968
16960671,2019,1,85.0,0.9032258064516128
16960671,2019,2,89.0,0.9285714285714286
16960671,2019,3,88.0,1.0
16960671,2019,4,86.0,1.0
16960671,2019,5,96.0,0.967741935483871
16960671,2019,6,110.0,1.0
16960671,2019,7,89.0,1.0
16960671,2019,8,88.0,0.7741935483870968
16960671,2019,9,82.0,0.9333333333333332
16960671,2019,10,90.0,1.0
16960671,2019,11,80.0,1.0
16960671,2019,12,103.0,0.6774193548387096
16960671,2020,1,87.0,1.0
16960671,2020,2,90.0,1.0
16960671,2020,3,73.0,0.8709677419354839
16960671,2020,4,71.0,0.6666666666666666
16960671,2020,5,73.0,1.0
16960671,2020,6,72.0,1.0
16960671,2020,7,72.0,0.97
16960671,2020,8,72.0,0.97
16960671,2020,9,89.0,0.97
16960671,2020,10,86.0,0.97
16960671,2020,11,75.0,0.93
16960671,2020,12,109.0,0.45
16960671,2021,1,70.0,0.9
16960671,2021,2,74.0,0.96
16960671,2021,3,73.0,1.0
16960671,2021,4,85.0,1.0
16960671,2021,5,112.0,0.9
17142583,2018,1,83.0,0.935483870967742
17142583,2018,2,83.0,0.6071428571428571
17142583,2018,3,76.0,0.9032258064516128
17142583,2018,4,76.0,0.8333333333333334
17142583,2018,5,80.0,0.8709677419354839
17142583,2018,6,83.0,0.8333333333333334
17142583,2018,7,79.0,0.9032258064516128
17142583,2018,8,80.0,0.935483870967742
17142583,2018,9,83.0,0.6
17142583,2018,10,81.0,0.8709677419354839
17142583,2018,11,78.0,0.7666666666666667
17142583,2018,12,84.0,0.5483870967741935
17142583,2019,1,71.0,0.5483870967741935
17142583,2019,2,74.0,0.7857142857142857
17142583,2019,3,78.0,0.9032258064516128
17142583,2019,4,74.0,0.9
17142583,2019,5,75.0,0.967741935483871
17142583,2019,6,75.0,0.8666666666666667
17142583,2019,7,77.0,0.9032258064516128
17142583,2019,8,83.0,0.7741935483870968
17142583,2019,9,75.0,0.9333333333333332
17142583,2019,10,80.0,1.0
17142583,2019,11,74.0,0.8666666666666667
17142583,2019,12,77.0,0.2903225806451613
17142583,2020,1,71.0,0.9032258064516128
17142583,2020,2,73.0,0.896551724137931
17142583,2020,3,66.0,0.8064516129032258
17142583,2020,4,49.0,1.0
17142583,2020,5,64.0,0.935483870967742
17142583,2020,10,81.0,0.29
17142583,2020,11,74.0,0.73
17142583,2020,12,87.0,0.13
17142583,2020,6,75.0,0.97
17142583,2020,7,76.0,0.87
17142583,2020,8,74.0,1.0
17142583,2020,9,80.0,0.6
17142583,2021,1,80.0,0.55
17142583,2021,2,77.0,0.82
17142583,2021,3,95.0,0.26
17142583,2021,4,77.0,0.47
17142583,2021,5,75.0,0.9
17461325,2018,1,57.0,0.3870967741935484
17461325,2018,2,64.0,0.0714285714285714
17461325,2018,3,54.0,0.9032258064516128
17461325,2018,4,57.0,0.4333333333333333
17461325,2018,5,51.0,0.8387096774193549
17461325,2018,6,58.0,1.0
17461325,2018,7,54.0,0.9032258064516128
17461325,2018,8,52.0,0.7096774193548387
17461325,2018,9,53.0,0.7666666666666667
17461325,2018,10,64.0,0.6129032258064516
17461325,2018,11,50.0,0.8333333333333334
17461325,2018,12,54.0,0.8709677419354839
17461325,2019,1,51.0,0.7096774193548387
17461325,2019,2,52.0,0.7142857142857143
17461325,2019,3,54.0,0.8387096774193549
17461325,2019,4,54.0,0.6
17461325,2019,5,54.0,0.8387096774193549
17461325,2019,6,55.0,0.8666666666666667
17461325,2019,7,56.0,0.6774193548387096
17461325,2019,8,53.0,0.6451612903225806
17461325,2019,9,54.0,0.6666666666666666
17461325,2019,10,52.0,0.6451612903225806
17461325,2019,11,55.0,0.6666666666666666
17461325,2019,12,56.0,0.1935483870967742
17461325,2020,1,46.0,0.8387096774193549
17461325,2020,2,48.0,0.7586206896551724
17461325,2020,3,45.0,0.6129032258064516
17461325,2020,4,43.0,0.7666666666666667
17461325,2020,5,40.0,1.0
17461325,2020,6,45.0,1.0
17461325,2020,7,45.0,0.87
17461325,2020,8,47.0,0.32
17461325,2020,9,51.0,1.0
17461325,2020,10,46.0,0.81
17461325,2020,11,46.0,1.0
17461325,2020,12,52.0,0.77
17461325,2021,1,48.0,1.0
17461325,2021,2,46.0,1.0
17461325,2021,3,54.0,0.97
17461325,2021,4,56.0,0.37
17461325,2021,5,55.0,0.9
17512017,2018,1,67.0,0.2258064516129032
17512017,2018,2,67.0,0.1785714285714285
17512017,2018,3,68.0,0.967741935483871
17512017,2018,4,67.0,0.2
17512017,2018,5,65.0,0.3870967741935484
17512017,2018,6,66.0,1.0
17512017,2018,7,67.0,0.6451612903225806
17512017,2018,8,69.0,0.7096774193548387
17512017,2018,9,67.0,0.9
17512017,2018,10,65.0,0.5806451612903226
17512017,2018,11,65.0,0.7666666666666667
17512017,2018,12,65.0,0.1935483870967742
17512017,2019,1,65.0,0.7741935483870968
17512017,2019,2,69.0,1.0
17512017,2019,3,69.0,1.0
17512017,2019,4,69.0,0.9666666666666668
17512017,2019,5,69.0,1.0
17512017,2019,6,69.0,1.0
17512017,2019,7,69.0,0.6451612903225806
17512017,2019,8,69.0,0.967741935483871
17512017,2019,9,69.0,0.7666666666666667
17512017,2019,10,69.0,1.0
17512017,2019,11,69.0,0.8333333333333334
17512017,2019,12,69.0,0.8709677419354839
17512017,2020,1,71.0,1.0
17512017,2020,2,69.0,1.0
17512017,2020,3,69.0,1.0
17512017,2020,4,69.0,1.0
17512017,2020,5,69.0,1.0
17512017,2020,6,69.0,0.97
17512017,2020,7,69.0,0.97
17512017,2020,8,69.0,1.0
17512017,2020,9,69.0,1.0
17512017,2020,10,69.0,1.0
17512017,2020,11,69.0,1.0
17512017,2020,12,69.0,0.97
17512017,2021,1,0.0,0.0
17512017,2021,2,69.0,0.96
17512017,2021,3,69.0,1.0
17512017,2021,4,69.0,1.0
17512017,2021,5,69.0,0.94
17612005,2018,1,155.0,0.0
17612005,2018,2,167.0,0.0
17612005,2018,3,130.0,0.935483870967742
17612005,2018,4,153.0,0.5666666666666667
17612005,2018,5,194.0,0.5806451612903226
17612005,2018,6,168.0,0.6
17612005,2018,7,194.0,0.7096774193548387
17612005,2018,8,212.0,1.0
17612005,2018,9,425.0,1.0
17612005,2018,10,204.0,1.0
17612005,2018,11,199.0,0.4666666666666667
17612005,2018,12,194.0,0.032258064516129
17612005,2019,1,205.0,1.0
17612005,2019,2,222.0,0.6071428571428571
17612005,2019,3,316.0,0.3870967741935484
17612005,2019,4,334.0,1.0
17612005,2019,5,334.0,1.0
17612005,2019,6,335.0,1.0
17612005,2019,7,333.0,1.0
17612005,2019,8,336.0,1.0
17612005,2019,9,334.0,1.0
17612005,2019,10,342.0,1.0
17612005,2019,11,513.0,0.7666666666666667
17612005,2019,12,372.0,0.0
17612005,2020,1,396.0,0.1290322580645161
17612005,2020,2,236.0,1.0
17612005,2020,3,293.0,0.3548387096774194
17612005,2020,4,270.0,0.0666666666666666
17612005,2020,5,303.0,0.6774193548387096
17612005,2020,6,291.0,0.67
17612005,2020,7,316.0,0.97
17612005,2020,8,344.0,0.71
17612005,2020,9,320.0,0.27
17612005,2020,10,331.0,0.0
17612005,2020,11,353.0,1.0
17612005,2020,12,335.0,0.58
17612005,2021,1,295.0,0.03
17612005,2021,2,295.0,0.04
17612005,2021,3,332.0,0.87
17612005,2021,4,333.0,0.0
17612005,2021,5,344.0,0.74
17753881,2018,1,74.0,0.7741935483870968
17753881,2018,2,77.0,0.8214285714285714
17753881,2018,3,77.0,1.0
17753881,2018,4,77.0,0.7666666666666667
17753881,2018,5,320.0,0.9032258064516128
17753881,2018,6,80.0,0.9
17753881,2018,7,79.0,0.9032258064516128
17753881,2018,8,76.0,0.7741935483870968
17753881,2018,9,82.0,0.5666666666666667
17753881,2018,10,78.0,0.6451612903225806
17753881,2018,11,74.0,0.9
17753881,2018,12,81.0,0.5483870967741935
17753881,2019,1,65.0,0.032258064516129
17753881,2019,2,68.0,0.75
17753881,2019,3,74.0,0.9032258064516128
17753881,2019,4,76.0,0.6333333333333333
17753881,2019,5,77.0,0.7419354838709677
17753881,2019,6,73.0,0.8333333333333334
17753881,2019,7,74.0,0.7419354838709677
17753881,2019,8,76.0,0.6451612903225806
17753881,2019,9,74.0,0.8
17753881,2019,10,74.0,0.7741935483870968
17753881,2019,11,73.0,0.9666666666666668
17753881,2019,12,76.0,0.2903225806451613
17753881,2020,1,72.0,0.7741935483870968
17753881,2020,2,73.0,0.8275862068965517
17753881,2020,3,64.0,0.5806451612903226
17753881,2020,4,49.0,1.0
17753881,2020,5,59.0,0.935483870967742
17753881,2020,6,72.0,0.9
17753881,2020,7,75.0,0.61
17753881,2020,8,75.0,0.0
17753881,2020,9,75.0,0.53
17753881,2020,10,70.0,0.81
17753881,2020,11,68.0,0.97
17753881,2020,12,83.0,0.23
17753881,2021,1,76.0,0.65
17753881,2021,2,75.0,0.79
17753881,2021,3,78.0,0.84
17753881,2021,4,73.0,0.83
17753881,2021,5,77.0,0.87
18668866,2018,1,86.0,0.1290322580645161
18668866,2018,2,87.0,0.1071428571428571
18668866,2018,3,82.0,0.8709677419354839
18668866,2018,4,72.0,0.6
18668866,2018,5,67.0,0.935483870967742
18668866,2018,6,73.0,0.8333333333333334
18668866,2018,7,78.0,0.7096774193548387
18668866,2018,8,74.0,0.7741935483870968
18668866,2018,9,79.0,0.2666666666666666
18668866,2018,10,90.0,0.5806451612903226
18668866,2018,11,70.0,0.9666666666666668
18668866,2018,12,84.0,0.2258064516129032
18668866,2019,1,75.0,0.5483870967741935
18668866,2019,2,74.0,0.8571428571428571
18668866,2019,3,79.0,0.7741935483870968
18668866,2019,4,68.0,0.8
18668866,2019,5,76.0,0.8064516129032258
18668866,2019,6,87.0,0.9333333333333332
18668866,2019,7,90.0,0.7741935483870968
18668866,2019,8,77.0,0.5161290322580645
18668866,2019,9,72.0,0.7333333333333333
18668866,2019,10,81.0,0.9032258064516128
18668866,2019,11,67.0,0.9
18668866,2019,12,74.0,0.3870967741935484
18668866,2020,1,71.0,0.8387096774193549
18668866,2020,2,76.0,0.8275862068965517
18668866,2020,3,77.0,0.7419354838709677
18668866,2020,4,78.0,0.0
18668866,2020,5,79.0,0.0
18668866,2020,6,66.0,1.0
18668866,2020,7,66.0,1.0
18668866,2020,8,66.0,1.0
18668866,2020,9,66.0,1.0
18668866,2020,10,66.0,1.0
18668866,2020,11,66.0,1.0
18668866,2020,12,66.0,1.0
18668866,2021,1,0.0,0.0
18668866,2021,2,0.0,0.0
18668866,2021,3,0.0,0.0
18668866,2021,4,0.0,0.0
18668866,2021,5,78.0,0.84
18774491,2018,1,65.0,0.4838709677419355
18774491,2018,2,60.0,0.0
18774491,2018,3,52.0,1.0
18774491,2018,4,48.0,0.9
18774491,2018,5,52.0,0.967741935483871
18774491,2018,6,52.0,1.0
18774491,2018,7,54.0,0.9032258064516128
18774491,2018,8,52.0,0.8709677419354839
18774491,2018,9,49.0,0.9
18774491,2018,10,50.0,0.7096774193548387
18774491,2018,11,49.0,0.8666666666666667
18774491,2018,12,51.0,0.8387096774193549
18774491,2019,1,49.0,0.6774193548387096
18774491,2019,2,51.0,0.8928571428571429
18774491,2019,3,49.0,0.9032258064516128
18774491,2019,4,49.0,0.8666666666666667
18774491,2019,5,50.0,0.8709677419354839
18774491,2019,6,52.0,0.9
18774491,2019,7,55.0,0.967741935483871
18774491,2019,8,51.0,0.935483870967742
18774491,2019,9,52.0,0.9
18774491,2019,10,52.0,0.967741935483871
18774491,2019,11,54.0,0.8666666666666667
18774491,2019,12,56.0,0.6774193548387096
18774491,2020,1,56.0,0.967741935483871
18774491,2020,2,52.0,0.896551724137931
18774491,2020,3,51.0,0.7096774193548387
18774491,2020,4,52.0,0.6333333333333333
18774491,2020,5,53.0,0.935483870967742
18774491,2020,6,56.0,1.0
18774491,2020,7,56.0,1.0
18774491,2020,8,57.0,0.97
18774491,2020,9,58.0,1.0
18774491,2020,10,57.0,0.97
18774491,2020,11,57.0,1.0
18774491,2020,12,57.0,0.97
18774491,2021,1,60.0,1.0
18774491,2021,2,60.0,1.0
18774491,2021,3,60.0,0.68
18774491,2021,4,65.0,1.0
18774491,2021,5,63.0,1.0
19363274,2018,1,83.0,0.0
19363274,2018,2,81.0,0.0
19363274,2018,3,80.0,0.8387096774193549
19363274,2018,4,84.0,0.4333333333333333
19363274,2018,5,78.0,0.9032258064516128
19363274,2018,6,77.0,0.7333333333333333
19363274,2018,7,77.0,0.8064516129032258
19363274,2018,8,82.0,0.3870967741935484
19363274,2018,9,70.0,0.2666666666666666
19363274,2018,10,76.0,0.4838709677419355
19363274,2018,11,75.0,0.4
19363274,2018,12,73.0,0.2258064516129032
19363274,2019,1,74.0,0.7419354838709677
19363274,2019,2,74.0,0.7857142857142857
19363274,2019,3,74.0,0.8387096774193549
19363274,2019,4,74.0,0.8666666666666667
19363274,2019,5,74.0,0.8387096774193549
19363274,2019,6,75.0,0.8333333333333334
19363274,2019,7,79.0,0.9032258064516128
19363274,2019,8,80.0,0.4838709677419355
19363274,2019,9,80.0,0.2666666666666666
19363274,2019,10,80.0,0.2258064516129032
19363274,2019,11,79.0,0.1
19363274,2019,12,79.0,0.0
19363274,2020,1,79.0,0.9032258064516128
19363274,2020,2,80.0,0.4482758620689655
19363274,2020,3,80.0,0.0967741935483871
19363274,2020,4,79.0,0.0
19363274,2020,5,79.0,0.7096774193548387
19363274,2020,6,84.0,0.93
19363274,2020,7,84.0,0.71
19363274,2020,8,86.0,0.1
19363274,2020,9,84.0,0.8
19363274,2020,10,85.0,0.84
19363274,2020,11,86.0,0.73
19363274,2020,12,91.0,0.55
19363274,2021,1,86.0,0.71
19363274,2021,2,87.0,0.79
19363274,2021,3,84.0,0.81
19363274,2021,4,85.0,0.73
19363274,2021,5,84.0,0.9
19625040,2018,1,160.0,0.1290322580645161
19625040,2018,2,160.0,0.0
19625040,2018,3,170.0,0.5806451612903226
19625040,2018,4,173.0,0.2333333333333333
19625040,2018,5,150.0,0.4516129032258064
19625040,2018,6,160.0,0.2666666666666666
19625040,2018,7,180.0,0.1290322580645161
19625040,2018,8,180.0,0.967741935483871
19625040,2018,9,180.0,1.0
19625040,2018,10,182.0,0.8709677419354839
19625040,2018,11,149.0,0.2
19625040,2018,12,130.0,0.0967741935483871
19625040,2019,1,225.0,0.032258064516129
19625040,2019,2,225.0,0.0
19625040,2019,3,185.0,0.6129032258064516
19625040,2019,4,185.0,0.2
19625040,2019,5,189.0,0.0967741935483871
19625040,2019,6,200.0,0.1
19625040,2019,7,200.0,0.0
19625040,2019,8,200.0,0.0967741935483871
19625040,2019,9,200.0,0.0
19625040,2019,10,200.0,0.0
19625040,2019,11,279.0,0.5333333333333333
19625040,2019,12,279.0,0.967741935483871
19625040,2020,1,315.0,1.0
19625040,2020,2,315.0,0.6551724137931034
19625040,2020,3,300.0,0.7741935483870968
19625040,2020,4,300.0,0.6
19625040,2020,5,300.0,0.9032258064516128
19625040,2020,6,300.0,1.0
19625040,2020,7,300.0,1.0
19625040,2020,8,300.0,0.0
19625040,2020,9,300.0,0.63
19625040,2020,10,300.0,0.52
19625040,2020,11,400.0,0.6
19625040,2020,12,400.0,0.58
19625040,2021,1,350.0,0.61
19625040,2021,2,260.0,0.82
19625040,2021,3,260.0,0.94
19625040,2021,4,260.0,0.53
19625040,2021,5,325.0,0.48
19949154,2018,1,141.0,0.1612903225806451
19949154,2018,2,175.0,0.0
19949154,2018,3,161.0,0.8387096774193549
19949154,2018,4,176.0,0.1
19949154,2018,5,118.0,0.8387096774193549
19949154,2018,6,124.0,0.7
19949154,2018,7,118.0,0.967741935483871
19949154,2018,8,99.0,0.967741935483871
19949154,2018,9,112.0,0.9
19949154,2018,10,126.0,0.8709677419354839
19949154,2018,11,131.0,0.9666666666666668
19949154,2018,12,113.0,0.7096774193548387
19949154,2019,1,115.0,0.8387096774193549
19949154,2019,2,92.0,0.8214285714285714
19949154,2019,3,113.0,0.967741935483871
19949154,2019,4,112.0,0.8666666666666667
19949154,2019,5,122.0,0.935483870967742
19949154,2019,6,107.0,0.7666666666666667
19949154,2019,7,113.0,0.8387096774193549
19949154,2019,8,102.0,0.8387096774193549
19949154,2019,9,125.0,0.6
19949154,2019,10,133.0,0.8064516129032258
19949154,2019,11,88.0,0.8
19949154,2019,12,101.0,0.3548387096774194
19949154,2020,1,113.0,0.7419354838709677
19949154,2020,2,121.0,0.6896551724137931
19949154,2020,3,87.0,0.2903225806451613
19949154,2020,4,111.0,0.5666666666666667
19949154,2020,5,115.0,0.967741935483871
19949154,2020,6,109.0,0.93
19949154,2020,7,104.0,1.0
19949154,2020,8,458.0,1.0
19949154,2020,9,429.0,0.97
19949154,2020,10,103.0,0.48
19949154,2020,11,402.0,0.83
19949154,2020,12,274.0,0.68
19949154,2021,1,426.0,0.94
19949154,2021,2,401.0,0.75
19949154,2021,3,272.0,0.48
19949154,2021,4,135.0,0.13
19949154,2021,5,450.0,0.74
19949801,2018,1,156.0,0.0
19949801,2018,2,253.0,0.0714285714285714
19949801,2018,3,145.0,0.5161290322580645
19949801,2018,4,162.0,0.1
19949801,2018,5,121.0,0.8709677419354839
19949801,2018,6,130.0,0.9666666666666668
19949801,2018,7,126.0,1.0
19949801,2018,8,103.0,0.967741935483871
19949801,2018,9,115.0,0.7
19949801,2018,10,133.0,0.8387096774193549
19949801,2018,11,136.0,0.8666666666666667
19949801,2018,12,111.0,0.5161290322580645
19949801,2019,1,97.0,0.1612903225806451
19949801,2019,2,90.0,0.6785714285714286
19949801,2019,3,108.0,0.7096774193548387
19949801,2019,4,98.0,0.6333333333333333
19949801,2019,5,151.0,0.4193548387096774
19949801,2019,6,106.0,0.9666666666666668
19949801,2019,7,126.0,1.0
19949801,2019,8,94.0,0.7741935483870968
19949801,2019,9,104.0,0.6
19949801,2019,10,116.0,0.7741935483870968
19949801,2019,11,85.0,0.7
19949801,2019,12,110.0,0.2580645161290322
19949801,2020,1,114.0,0.7096774193548387
19949801,2020,2,119.0,0.6896551724137931
19949801,2020,3,89.0,0.4838709677419355
19949801,2020,4,93.0,0.6666666666666666
19949801,2020,5,111.0,1.0
19949801,2020,6,109.0,1.0
19949801,2020,7,103.0,1.0
19949801,2020,8,412.0,0.97
19949801,2020,9,369.0,0.83
19949801,2020,10,484.0,0.87
19949801,2020,11,426.0,0.73
19949801,2020,12,90.0,0.45
19949801,2021,1,402.0,1.0
19949801,2021,2,405.0,0.93
19949801,2021,3,230.0,0.61
19949801,2021,4,202.0,0.57
19949801,2021,5,347.0,0.71
20057079,2018,1,63.0,0.064516129032258
20057079,2018,2,70.0,0.2857142857142857
20057079,2018,3,76.0,0.8387096774193549
20057079,2018,4,80.0,0.5
20057079,2018,5,76.0,0.9032258064516128
20057079,2018,6,78.0,0.8333333333333334
20057079,2018,7,79.0,0.6451612903225806
20057079,2018,8,76.0,0.8064516129032258
20057079,2018,9,82.0,0.2333333333333333
20057079,2018,10,79.0,0.6451612903225806
20057079,2018,11,51.0,0.7
20057079,2018,12,52.0,0.3870967741935484
20057079,2019,1,71.0,0.6129032258064516
20057079,2019,2,77.0,0.8571428571428571
20057079,2019,3,77.0,0.8387096774193549
20057079,2019,4,75.0,0.8666666666666667
20057079,2019,5,76.0,0.8064516129032258
20057079,2019,6,77.0,0.9
20057079,2019,7,73.0,0.6774193548387096
20057079,2019,8,75.0,0.5161290322580645
20057079,2019,9,78.0,0.4666666666666667
20057079,2019,10,75.0,0.6774193548387096
20057079,2019,11,72.0,0.8
20057079,2019,12,75.0,0.3225806451612903
20057079,2020,1,73.0,0.6451612903225806
20057079,2020,2,72.0,0.6896551724137931
20057079,2020,3,70.0,0.5161290322580645
20057079,2020,4,46.0,0.6
20057079,2020,5,48.0,0.0
20057079,2020,6,74.0,0.23
20057079,2020,7,76.0,0.0
20057079,2020,8,71.0,0.74
20057079,2020,9,76.0,0.53
20057079,2020,10,76.0,0.0
20057079,2020,11,72.0,0.8
20057079,2020,12,77.0,0.23
20057079,2021,1,80.0,0.52
20057079,2021,2,74.0,0.89
20057079,2021,3,81.0,0.74
20057079,2021,4,75.0,0.77
20057079,2021,5,77.0,0.87
20300902,2018,1,54.0,0.7741935483870968
20300902,2018,2,75.0,0.0
20300902,2018,3,72.0,1.0
20300902,2018,4,75.0,0.6
20300902,2018,5,76.0,0.9032258064516128
20300902,2018,6,78.0,1.0
20300902,2018,7,77.0,1.0
20300902,2018,8,75.0,0.9032258064516128
20300902,2018,9,83.0,0.4666666666666667
20300902,2018,10,76.0,0.8387096774193549
20300902,2018,11,77.0,0.8666666666666667
20300902,2018,12,58.0,0.8709677419354839
20300902,2019,1,76.0,0.7419354838709677
20300902,2019,2,73.0,0.9642857142857144
20300902,2019,3,75.0,0.8709677419354839
20300902,2019,4,73.0,0.9333333333333332
20300902,2019,5,74.0,0.8709677419354839
20300902,2019,6,72.0,0.9333333333333332
20300902,2019,7,74.0,0.967741935483871
20300902,2019,8,75.0,0.7741935483870968
20300902,2019,9,71.0,0.8666666666666667
20300902,2019,10,75.0,0.8387096774193549
20300902,2019,11,76.0,0.9
20300902,2019,12,84.0,0.2258064516129032
20300902,2020,1,71.0,0.6774193548387096
20300902,2020,2,67.0,0.7931034482758621
20300902,2020,3,59.0,0.6774193548387096
20300902,2020,4,48.0,0.8333333333333334
20300902,2020,5,58.0,0.6451612903225806
20300902,2020,6,72.0,0.9
20300902,2020,7,71.0,0.32
20300902,2020,8,73.0,0.71
20300902,2020,9,75.0,0.63
20300902,2020,10,80.0,0.26
20300902,2020,11,69.0,0.8
20300902,2020,12,77.0,0.16
20300902,2021,2,73.0,0.82
20300902,2021,3,79.0,0.65
20300902,2021,4,78.0,0.73
20300902,2021,5,78.0,0.81
20300902,2021,1,77.0,0.74
20521934,2018,1,187.0,0.2580645161290322
20521934,2018,2,218.0,0.1428571428571428
20521934,2018,3,196.0,0.7419354838709677
20521934,2018,4,217.0,0.7333333333333333
20521934,2018,5,180.0,0.8709677419354839
20521934,2018,6,178.0,0.8666666666666667
20521934,2018,7,144.0,0.7741935483870968
20521934,2018,8,118.0,0.6774193548387096
20521934,2018,9,131.0,0.9333333333333332
20521934,2018,10,161.0,0.935483870967742
20521934,2018,11,173.0,0.6666666666666666
20521934,2018,12,135.0,0.2903225806451613
20521934,2019,1,135.0,0.5806451612903226
20521934,2019,2,111.0,0.7142857142857143
20521934,2019,3,142.0,0.8709677419354839
20521934,2019,4,141.0,0.6333333333333333
20521934,2019,5,193.0,0.5161290322580645
20521934,2019,6,146.0,0.4333333333333333
20521934,2019,7,157.0,0.6129032258064516
20521934,2019,8,151.0,0.1612903225806451
20521934,2019,9,146.0,0.5333333333333333
20521934,2019,10,169.0,0.7741935483870968
20521934,2019,11,126.0,0.6666666666666666
20521934,2019,12,194.0,0.2258064516129032
20521934,2020,1,218.0,0.3870967741935484
20521934,2020,2,212.0,0.4482758620689655
20521934,2020,3,98.0,0.3870967741935484
20521934,2020,4,56.0,0.3
20521934,2020,5,67.0,0.8387096774193549
20521934,2020,12,109.0,0.19
20521934,2020,6,51.0,0.93
20521934,2020,7,55.0,0.94
20521934,2020,8,77.0,0.58
20521934,2020,9,316.0,0.73
20521934,2020,10,159.0,0.06
20521934,2020,11,361.0,0.67
20521934,2021,1,396.0,0.9
20521934,2021,2,423.0,0.75
20521934,2021,3,153.0,0.1
20521934,2021,4,475.0,0.43
20521934,2021,5,397.0,0.74
20605081,2018,1,44.0,0.4516129032258064
20605081,2018,2,41.0,0.0
20605081,2018,3,52.0,0.7419354838709677
20605081,2018,4,54.0,0.5666666666666667
20605081,2018,5,53.0,0.8709677419354839
20605081,2018,6,56.0,0.7
20605081,2018,7,64.0,0.0
20605081,2018,8,64.0,0.8387096774193549
20605081,2018,9,65.0,0.7666666666666667
20605081,2018,10,67.0,0.2903225806451613
20605081,2018,11,70.0,0.8333333333333334
20605081,2018,12,61.0,0.1612903225806451
20605081,2019,1,63.0,0.2903225806451613
20605081,2019,2,57.0,0.7142857142857143
20605081,2019,3,50.0,0.967741935483871
20605081,2019,4,51.0,0.9666666666666668
20605081,2019,5,52.0,0.9032258064516128
20605081,2019,6,51.0,1.0
20605081,2019,7,52.0,0.967741935483871
20605081,2019,8,50.0,0.6774193548387096
20605081,2019,9,51.0,0.7
20605081,2019,10,53.0,0.3225806451612903
20605081,2019,11,50.0,0.8333333333333334
20605081,2019,12,51.0,0.5806451612903226
20605081,2020,1,50.0,0.6774193548387096
20605081,2020,2,51.0,0.6206896551724138
20605081,2020,3,49.0,0.032258064516129
20605081,2020,4,49.0,0.7666666666666667
20605081,2020,5,51.0,1.0
20605081,2020,6,51.0,1.0
20605081,2020,7,51.0,1.0
20605081,2020,8,51.0,1.0
20605081,2020,9,51.0,1.0
20605081,2020,10,51.0,1.0
20605081,2020,11,51.0,1.0
20605081,2020,12,51.0,1.0
20605081,2021,1,0.0,0.0
20605081,2021,2,0.0,0.0
20605081,2021,3,79.0,1.0
20605081,2021,4,80.0,0.67
20605081,2021,5,75.0,1.0
21038506,2018,1,112.0,0.0
21038506,2018,2,120.0,0.0
21038506,2018,3,105.0,0.8709677419354839
21038506,2018,4,131.0,0.2
21038506,2018,5,108.0,0.7096774193548387
21038506,2018,6,118.0,0.7
21038506,2018,7,99.0,0.5806451612903226
21038506,2018,8,102.0,0.5483870967741935
21038506,2018,9,110.0,0.6333333333333333
21038506,2018,10,106.0,0.5806451612903226
21038506,2018,11,92.0,0.7333333333333333
21038506,2018,12,141.0,0.0
21038506,2019,1,76.0,0.2258064516129032
21038506,2019,2,103.0,0.7857142857142857
21038506,2019,3,96.0,0.8709677419354839
21038506,2019,4,96.0,0.9666666666666668
21038506,2019,5,99.0,0.6774193548387096
21038506,2019,6,102.0,0.9
21038506,2019,7,98.0,0.5806451612903226
21038506,2019,8,83.0,0.5161290322580645
21038506,2019,9,97.0,0.7333333333333333
21038506,2019,10,107.0,0.6129032258064516
21038506,2019,11,88.0,0.7333333333333333
21038506,2019,12,117.0,0.0
21038506,2020,1,91.0,0.7741935483870968
21038506,2020,2,104.0,0.7241379310344828
21038506,2020,3,88.0,0.5806451612903226
21038506,2020,4,74.0,0.5
21038506,2020,5,101.0,0.935483870967742
21038506,2020,6,99.0,0.93
21038506,2020,7,92.0,0.32
21038506,2020,8,103.0,0.77
21038506,2020,9,103.0,0.7
21038506,2020,10,117.0,0.0
21038506,2020,11,155.0,0.0
21038506,2020,12,155.0,0.0
21038506,2021,1,0.0,0.0
21038506,2021,2,151.0,0.86
21038506,2021,3,177.0,0.1
21038506,2021,4,112.0,1.0
21038506,2021,5,109.0,0.9
21095352,2018,1,112.0,0.0
21095352,2018,2,183.0,0.0
21095352,2018,3,97.0,0.935483870967742
21095352,2018,4,96.0,0.4
21095352,2018,5,103.0,0.8387096774193549
21095352,2018,6,94.0,0.4333333333333333
21095352,2018,7,123.0,0.1612903225806451
21095352,2018,8,98.0,0.4838709677419355
21095352,2018,9,111.0,0.2666666666666666
21095352,2018,10,132.0,0.1935483870967742
21095352,2018,11,90.0,0.6
21095352,2018,12,139.0,0.0
21095352,2019,1,85.0,0.0967741935483871
21095352,2019,2,92.0,0.5714285714285714
21095352,2019,3,99.0,0.8387096774193549
21095352,2019,4,88.0,0.6666666666666666
21095352,2019,5,92.0,0.5483870967741935
21095352,2019,6,89.0,0.6
21095352,2019,7,79.0,0.4838709677419355
21095352,2019,8,86.0,0.1612903225806451
21095352,2019,9,96.0,0.6
21095352,2019,10,97.0,0.6129032258064516
21095352,2019,11,94.0,0.6333333333333333
21095352,2019,12,132.0,0.0
21095352,2020,1,79.0,0.3548387096774194
21095352,2020,2,97.0,1.0
21095352,2020,3,93.0,0.5806451612903226
21095352,2020,4,101.0,0.0
21095352,2020,5,115.0,0.8064516129032258
21095352,2020,6,96.0,0.9
21095352,2020,7,94.0,0.35
21095352,2020,8,94.0,0.61
21095352,2020,9,94.0,0.7
21095352,2020,10,111.0,0.52
21095352,2020,11,139.0,0.0
21095352,2020,12,140.0,0.0
21095352,2021,1,0.0,0.0
21095352,2021,2,88.0,0.75
21095352,2021,3,95.0,0.29
21095352,2021,4,150.0,0.0
21095352,2021,5,103.0,0.9
21189192,2018,1,74.0,0.5161290322580645
21189192,2018,2,76.0,0.2142857142857142
21189192,2018,3,57.0,0.967741935483871
21189192,2018,4,61.0,0.8333333333333334
21189192,2018,5,78.0,0.935483870967742
21189192,2018,6,80.0,0.7333333333333333
21189192,2018,7,74.0,0.7741935483870968
21189192,2018,8,74.0,0.9032258064516128
21189192,2018,9,82.0,0.3666666666666666
21189192,2018,10,77.0,0.5483870967741935
21189192,2018,11,71.0,0.8666666666666667
21189192,2018,12,80.0,0.3225806451612903
21189192,2019,1,65.0,0.1612903225806451
21189192,2019,2,71.0,0.6785714285714286
21189192,2019,3,70.0,0.8387096774193549
21189192,2019,4,74.0,0.8333333333333334
21189192,2019,5,76.0,0.7419354838709677
21189192,2019,6,72.0,0.9
21189192,2019,7,75.0,0.967741935483871
21189192,2019,8,76.0,0.9032258064516128
21189192,2019,9,80.0,0.2666666666666666
21189192,2019,10,95.0,0.1612903225806451
21189192,2019,11,76.0,0.3333333333333333
21189192,2019,12,71.0,0.0967741935483871
21189192,2020,1,68.0,0.7741935483870968
21189192,2020,2,80.0,0.3448275862068966
21189192,2020,3,56.0,0.7741935483870968
21189192,2020,4,43.0,0.4
21189192,2020,5,58.0,0.2580645161290322
21189192,2020,6,74.0,0.6
21189192,2020,7,72.0,0.29
21189192,2020,8,74.0,0.0
21189192,2020,9,73.0,0.9
21189192,2020,10,78.0,0.35
21189192,2020,11,71.0,0.03
21189192,2020,12,76.0,0.0
21189192,2021,1,74.0,0.61
21189192,2021,2,75.0,0.68
21189192,2021,3,73.0,0.23
21189192,2021,4,85.0,0.07
21189192,2021,5,76.0,0.97
21200523,2018,1,75.0,1.0
21200523,2018,2,75.0,0.2857142857142857
21200523,2018,3,66.0,0.5806451612903226
21200523,2018,4,66.0,0.4
21200523,2018,5,69.0,0.8709677419354839
21200523,2018,6,69.0,0.9666666666666668
21200523,2018,7,77.0,1.0
21200523,2018,8,59.0,0.3870967741935484
21200523,2018,9,65.0,0.3333333333333333
21200523,2018,10,73.0,0.3870967741935484
21200523,2018,11,77.0,0.8333333333333334
21200523,2018,12,73.0,0.4193548387096774
21200523,2019,1,74.0,0.064516129032258
21200523,2019,2,66.0,0.7857142857142857
21200523,2019,3,65.0,0.935483870967742
21200523,2019,4,66.0,1.0
21200523,2019,5,74.0,0.5806451612903226
21200523,2019,6,77.0,0.8
21200523,2019,7,72.0,1.0
21200523,2019,8,69.0,0.8387096774193549
21200523,2019,9,69.0,0.5666666666666667
21200523,2019,10,68.0,0.0
21200523,2019,11,75.0,0.9333333333333332
21200523,2019,12,74.0,0.4838709677419355
21200523,2020,1,84.0,1.0
21200523,2020,2,86.0,0.9310344827586208
21200523,2020,3,85.0,0.4838709677419355
21200523,2020,4,74.0,0.0333333333333333
21200523,2020,5,91.0,0.0
21200523,2020,6,92.0,1.0
21200523,2020,7,92.0,1.0
21200523,2020,8,92.0,1.0
21200523,2020,9,81.0,0.47
21200523,2020,10,77.0,0.0
21200523,2020,11,81.0,0.9
21200523,2020,12,85.0,0.39
21200523,2021,1,85.0,0.94
21200523,2021,2,85.0,0.79
21200523,2021,3,85.0,0.39
21200523,2021,4,85.0,1.0
21200523,2021,5,88.0,1.0
21205834,2018,1,358.0,0.1935483870967742
21205834,2018,2,355.0,0.2142857142857142
21205834,2018,3,365.0,0.5161290322580645
21205834,2018,4,330.0,0.5
21205834,2018,5,301.0,0.4838709677419355
21205834,2018,6,336.0,0.4333333333333333
21205834,2018,7,383.0,0.4838709677419355
21205834,2018,8,358.0,0.3225806451612903
21205834,2018,9,328.0,0.6666666666666666
21205834,2018,10,346.0,0.8064516129032258
21205834,2018,11,310.0,0.5666666666666667
21205834,2018,12,279.0,0.1612903225806451
21205834,2019,1,263.0,0.3870967741935484
21205834,2019,2,290.0,0.3928571428571428
21205834,2019,3,280.0,0.7096774193548387
21205834,2019,4,311.0,0.3
21205834,2019,5,299.0,0.6774193548387096
21205834,2019,6,303.0,0.4
21205834,2019,7,331.0,0.4193548387096774
21205834,2019,8,379.0,0.2580645161290322
21205834,2019,9,458.0,0.7333333333333333
21205834,2019,10,565.0,0.7741935483870968
21205834,2019,11,298.0,0.5
21205834,2019,12,288.0,0.4193548387096774
21205834,2020,1,263.0,0.6774193548387096
21205834,2020,2,263.0,0.5517241379310345
21205834,2020,3,240.0,0.4838709677419355
21205834,2020,4,99.0,0.9666666666666668
21205834,2020,5,164.0,0.935483870967742
21205834,2020,6,275.0,0.63
21205834,2020,7,316.0,0.68
21205834,2020,8,262.0,0.68
21205834,2020,9,261.0,0.4
21205834,2020,10,271.0,0.87
21205834,2020,11,277.0,0.63
21205834,2020,12,310.0,0.68
21205834,2021,1,281.0,0.52
21205834,2021,2,276.0,0.71
21205834,2021,3,293.0,0.68
21205834,2021,4,292.0,0.67
21205834,2021,5,282.0,0.81
21322987,2018,1,56.0,0.2903225806451613
21322987,2018,2,59.0,0.0714285714285714
21322987,2018,3,62.0,0.8709677419354839
21322987,2018,4,61.0,0.6666666666666666
21322987,2018,5,65.0,0.935483870967742
21322987,2018,6,66.0,0.8333333333333334
21322987,2018,7,68.0,0.8387096774193549
21322987,2018,8,66.0,0.8064516129032258
21322987,2018,9,67.0,0.5666666666666667
21322987,2018,10,66.0,0.5806451612903226
21322987,2018,11,64.0,0.9666666666666668
21322987,2018,12,65.0,0.5161290322580645
21322987,2019,1,63.0,0.3870967741935484
21322987,2019,2,68.0,0.8214285714285714
21322987,2019,3,69.0,0.935483870967742
21322987,2019,4,64.0,0.7666666666666667
21322987,2019,5,74.0,0.8387096774193549
21322987,2019,6,78.0,0.9
21322987,2019,7,72.0,0.6774193548387096
21322987,2019,8,79.0,0.6129032258064516
21322987,2019,9,69.0,0.7
21322987,2019,10,72.0,0.6129032258064516
21322987,2019,11,69.0,0.8
21322987,2019,12,76.0,0.4516129032258064
21322987,2020,1,72.0,0.5806451612903226
21322987,2020,2,80.0,0.7931034482758621
21322987,2020,3,73.0,0.4516129032258064
21322987,2020,4,53.0,0.6333333333333333
21322987,2020,5,53.0,0.967741935483871
21322987,2020,6,74.0,0.87
21322987,2020,7,68.0,0.71
21322987,2020,8,68.0,0.81
21322987,2020,9,64.0,0.83
21322987,2020,10,67.0,0.65
21322987,2020,11,64.0,0.87
21322987,2020,12,69.0,0.26
21322987,2021,1,68.0,0.42
21322987,2021,2,63.0,0.79
21322987,2021,3,65.0,0.87
21322987,2021,4,68.0,1.0
21322987,2021,5,208.0,0.77
21395960,2018,1,140.0,0.3548387096774194
21395960,2018,2,173.0,0.2142857142857142
21395960,2018,3,197.0,0.6129032258064516
21395960,2018,4,176.0,0.6666666666666666
21395960,2018,5,192.0,0.8387096774193549
21395960,2018,6,195.0,0.7
21395960,2018,7,157.0,0.6129032258064516
21395960,2018,8,134.0,0.7741935483870968
21395960,2018,9,136.0,0.9333333333333332
21395960,2018,10,153.0,0.967741935483871
21395960,2018,11,167.0,0.8666666666666667
21395960,2018,12,141.0,0.6451612903225806
21395960,2019,1,149.0,0.5161290322580645
21395960,2019,2,116.0,0.6785714285714286
21395960,2019,3,141.0,0.8387096774193549
21395960,2019,4,136.0,0.8666666666666667
21395960,2019,5,181.0,0.7419354838709677
21395960,2019,6,141.0,0.7666666666666667
21395960,2019,7,147.0,0.6774193548387096
21395960,2019,8,123.0,0.7741935483870968
21395960,2019,9,135.0,0.7666666666666667
21395960,2019,10,182.0,0.6774193548387096
21395960,2019,11,139.0,0.7666666666666667
21395960,2019,12,180.0,0.1612903225806451
21395960,2020,1,209.0,0.6774193548387096
21395960,2020,2,228.0,0.6551724137931034
21395960,2020,3,96.0,0.4193548387096774
21395960,2020,4,92.0,0.6
21395960,2020,5,115.0,1.0
21395960,2020,6,101.0,1.0
21395960,2020,7,97.0,0.94
21395960,2020,8,411.0,0.94
21395960,2020,9,423.0,0.87
21395960,2020,10,170.0,0.68
21395960,2020,11,397.0,0.87
21395960,2020,12,98.0,0.48
21395960,2021,1,310.0,0.84
21395960,2021,2,397.0,1.0
21395960,2021,3,267.0,0.97
21395960,2021,4,222.0,0.63
21395960,2021,5,337.0,0.71
21396270,2018,1,113.0,0.2580645161290322
21396270,2018,2,128.0,0.0714285714285714
21396270,2018,3,138.0,0.7096774193548387
21396270,2018,4,149.0,0.3333333333333333
21396270,2018,5,120.0,0.6129032258064516
21396270,2018,6,134.0,0.6333333333333333
21396270,2018,7,116.0,0.6129032258064516
21396270,2018,8,111.0,0.8064516129032258
21396270,2018,9,105.0,0.8333333333333334
21396270,2018,10,129.0,1.0
21396270,2018,11,135.0,0.8666666666666667
21396270,2018,12,104.0,0.064516129032258
21396270,2019,1,113.0,0.6129032258064516
21396270,2019,2,95.0,0.6785714285714286
21396270,2019,3,111.0,0.9032258064516128
21396270,2019,4,102.0,0.7666666666666667
21396270,2019,5,132.0,0.4838709677419355
21396270,2019,6,103.0,0.7333333333333333
21396270,2019,7,99.0,0.6129032258064516
21396270,2019,8,88.0,0.7096774193548387
21396270,2019,9,92.0,0.9333333333333332
21396270,2019,10,125.0,0.5483870967741935
21396270,2019,11,85.0,0.9
21396270,2019,12,104.0,0.2580645161290322
21396270,2020,1,119.0,0.6129032258064516
21396270,2020,2,138.0,0.6206896551724138
21396270,2020,3,99.0,0.7741935483870968
21396270,2020,4,55.0,0.4666666666666667
21396270,2020,5,64.0,1.0
21396270,2020,6,64.0,1.0
21396270,2020,7,54.0,1.0
21396270,2020,8,69.0,0.55
21396270,2020,9,286.0,0.9
21396270,2020,10,74.0,0.06
21396270,2020,11,406.0,0.7
21396270,2020,12,242.0,0.84
21396270,2021,1,455.0,0.94
21396270,2021,2,405.0,0.93
21396270,2021,3,118.0,0.32
21396270,2021,4,152.0,0.0
21396270,2021,5,410.0,0.55
21538453,2018,1,55.0,0.6774193548387096
21538453,2018,2,56.0,0.4285714285714285
21538453,2018,3,54.0,0.967741935483871
21538453,2018,4,56.0,0.8333333333333334
21538453,2018,5,57.0,0.935483870967742
21538453,2018,6,60.0,1.0
21538453,2018,7,65.0,0.967741935483871
21538453,2018,8,49.0,1.0
21538453,2018,9,48.0,1.0
21538453,2018,10,51.0,1.0
21538453,2018,11,68.0,1.0
21538453,2018,12,69.0,1.0
21538453,2019,1,59.0,0.9032258064516128
21538453,2019,2,78.0,0.8571428571428571
21538453,2019,3,79.0,0.935483870967742
21538453,2019,4,80.0,0.9
21538453,2019,5,80.0,0.8709677419354839
21538453,2019,6,84.0,0.8666666666666667
21538453,2019,7,81.0,0.967741935483871
21538453,2019,8,89.0,0.935483870967742
21538453,2019,9,91.0,0.9
21538453,2019,10,103.0,0.6129032258064516
21538453,2019,11,95.0,0.6666666666666666
21538453,2019,12,89.0,0.3548387096774194
21538453,2020,1,108.0,0.6774193548387096
21538453,2020,2,114.0,0.896551724137931
21538453,2020,3,111.0,0.8064516129032258
21538453,2020,4,120.0,1.0
21538453,2020,5,119.0,1.0
21538453,2020,6,119.0,1.0
21538453,2020,7,129.0,1.0
21538453,2020,8,140.0,1.0
21538453,2020,9,140.0,1.0
21538453,2020,10,141.0,0.74
21538453,2020,11,141.0,0.67
21538453,2020,12,141.0,0.55
21538453,2021,1,141.0,0.42
21538453,2021,2,140.0,0.61
21538453,2021,3,141.0,0.65
21538453,2021,4,140.0,0.17
21538453,2021,5,143.0,0.71
21568347,2018,1,204.0,0.3548387096774194
21568347,2018,2,264.0,0.1428571428571428
21568347,2018,3,182.0,0.9032258064516128
21568347,2018,4,220.0,0.6
21568347,2018,5,202.0,0.8709677419354839
21568347,2018,6,237.0,0.7666666666666667
21568347,2018,7,239.0,0.7419354838709677
21568347,2018,8,188.0,0.967741935483871
21568347,2018,9,290.0,0.5666666666666667
21568347,2018,10,268.0,0.7419354838709677
21568347,2018,11,218.0,0.8666666666666667
21568347,2018,12,213.0,0.7419354838709677
21568347,2019,1,220.0,0.6129032258064516
21568347,2019,2,198.0,0.75
21568347,2019,3,250.0,0.7741935483870968
21568347,2019,4,209.0,0.7666666666666667
21568347,2019,5,251.0,0.8387096774193549
21568347,2019,6,234.0,0.9666666666666668
21568347,2019,7,248.0,0.8064516129032258
21568347,2019,8,245.0,0.0
21568347,2019,9,195.0,0.7666666666666667
21568347,2019,10,191.0,0.935483870967742
21568347,2019,11,229.0,1.0
21568347,2019,12,219.0,0.7096774193548387
21568347,2020,1,234.0,1.0
21568347,2020,2,251.0,1.0
21568347,2020,3,215.0,0.4838709677419355
21568347,2020,4,107.0,0.7
21568347,2020,5,187.0,1.0
21568347,2020,6,187.0,0.8
21568347,2020,7,200.0,0.55
21568347,2020,8,256.0,0.0
21568347,2020,9,343.0,0.87
21568347,2020,10,214.0,0.94
21568347,2020,11,198.0,0.87
21568347,2020,12,168.0,0.42
21568347,2021,1,0.0,0.0
21568347,2021,2,202.0,0.93
21568347,2021,3,447.0,0.32
21568347,2021,4,222.0,0.07
21568347,2021,5,288.0,0.81
21945471,2018,1,150.0,0.935483870967742
21945471,2018,2,150.0,0.8571428571428571
21945471,2018,3,240.0,0.935483870967742
21945471,2018,4,246.0,0.7666666666666667
21945471,2018,5,244.0,0.8709677419354839
21945471,2018,6,255.0,0.9
21945471,2018,7,249.0,0.8387096774193549
21945471,2018,8,269.0,0.9032258064516128
21945471,2018,9,299.0,0.3666666666666666
21945471,2018,10,191.0,0.7419354838709677
21945471,2018,11,254.0,0.6
21945471,2018,12,299.0,0.4193548387096774
21945471,2019,1,270.0,0.2903225806451613
21945471,2019,2,289.0,0.6071428571428571
21945471,2019,3,255.0,0.6774193548387096
21945471,2019,4,299.0,0.6
21945471,2019,5,292.0,0.6451612903225806
21945471,2019,6,299.0,0.7
21945471,2019,7,299.0,0.5161290322580645
21945471,2019,8,299.0,0.5483870967741935
21945471,2019,9,299.0,0.9333333333333332
21945471,2019,10,313.0,0.4516129032258064
21945471,2019,11,299.0,0.2333333333333333
21945471,2019,12,299.0,0.0
21945471,2020,1,221.0,0.1935483870967742
21945471,2020,2,295.0,0.0
21945471,2020,3,299.0,0.0
21945471,2020,4,299.0,0.0
21945471,2020,5,317.0,0.7741935483870968
21945471,2020,6,319.0,0.5
21945471,2020,7,321.0,0.94
21945471,2020,8,340.0,1.0
21945471,2020,9,340.0,0.77
21945471,2020,10,349.0,1.0
21945471,2020,11,349.0,1.0
21945471,2020,12,230.0,0.06
21945471,2021,1,0.0,0.0
21945471,2021,2,349.0,0.79
21945471,2021,3,349.0,0.0
21945471,2021,4,349.0,0.0
21945471,2021,5,359.0,0.9
22286004,2018,1,90.0,0.1290322580645161
22286004,2018,2,121.0,0.0
22286004,2018,3,102.0,0.5806451612903226
22286004,2018,4,90.0,0.6
22286004,2018,5,79.0,0.935483870967742
22286004,2018,6,97.0,0.8666666666666667
22286004,2018,7,111.0,0.7419354838709677
22286004,2018,8,103.0,0.7419354838709677
22286004,2018,9,100.0,0.7
22286004,2018,10,106.0,0.7419354838709677
22286004,2018,11,105.0,0.9666666666666668
22286004,2018,12,95.0,0.8387096774193549
22286004,2019,1,99.0,0.5806451612903226
22286004,2019,2,97.0,0.5357142857142857
22286004,2019,3,111.0,0.7419354838709677
22286004,2019,4,94.0,0.7666666666666667
22286004,2019,5,94.0,0.935483870967742
22286004,2019,6,100.0,0.2333333333333333
22286004,2019,7,113.0,0.1290322580645161
22286004,2019,8,93.0,0.8064516129032258
22286004,2019,9,86.0,0.8666666666666667
22286004,2019,10,88.0,0.9032258064516128
22286004,2019,11,84.0,0.8333333333333334
22286004,2019,12,106.0,0.8387096774193549
22286004,2020,1,79.0,0.9032258064516128
22286004,2020,2,91.0,0.9655172413793104
22286004,2020,3,93.0,0.8064516129032258
22286004,2020,4,90.0,0.2
22286004,2020,5,92.0,0.9032258064516128
22286004,2020,6,90.0,0.97
22286004,2020,7,89.0,0.9
22286004,2020,8,105.0,0.48
22286004,2020,9,90.0,0.9
22286004,2020,10,97.0,0.74
22286004,2020,11,92.0,0.77
22286004,2020,12,99.0,0.84
22286004,2021,3,103.0,0.97
22286004,2021,4,108.0,1.0
22286004,2021,5,105.0,0.84
22286004,2021,1,92.0,0.94
22286004,2021,2,111.0,0.86
22387362,2018,1,100.0,0.0
22387362,2018,2,100.0,0.0
22387362,2018,3,93.0,0.9032258064516128
22387362,2018,4,95.0,0.7
22387362,2018,5,89.0,0.8387096774193549
22387362,2018,6,91.0,0.6
22387362,2018,7,91.0,0.7096774193548387
22387362,2018,8,94.0,0.7096774193548387
22387362,2018,9,93.0,0.4666666666666667
22387362,2018,10,92.0,0.5161290322580645
22387362,2018,11,101.0,0.0666666666666666
22387362,2018,12,90.0,0.064516129032258
22387362,2019,1,90.0,0.3548387096774194
22387362,2019,2,89.0,0.6071428571428571
22387362,2019,3,92.0,0.7741935483870968
22387362,2019,4,92.0,0.5666666666666667
22387362,2019,5,95.0,0.8387096774193549
22387362,2019,6,99.0,0.7333333333333333
22387362,2019,7,99.0,0.2903225806451613
22387362,2019,8,98.0,0.0
22387362,2019,9,99.0,0.1333333333333333
22387362,2019,10,96.0,0.0
22387362,2019,11,113.0,0.0
22387362,2019,12,128.0,0.5483870967741935
22387362,2020,1,92.0,0.4193548387096774
22387362,2020,2,99.0,0.6896551724137931
22387362,2020,3,94.0,0.1612903225806451
22387362,2020,4,103.0,0.1
22387362,2020,5,110.0,0.032258064516129
22387362,2020,6,97.0,0.47
22387362,2020,7,96.0,0.0
22387362,2020,8,96.0,0.0
22387362,2020,9,93.0,0.2
22387362,2020,10,96.0,0.1
22387362,2020,11,80.0,0.7
22387362,2020,12,82.0,0.35
22387362,2021,1,90.0,0.39
22387362,2021,2,87.0,0.61
22387362,2021,3,91.0,0.48
22387362,2021,4,91.0,0.03
22387362,2021,5,91.0,0.74
22389454,2018,1,125.0,0.0
22389454,2018,2,125.0,0.0
22389454,2018,3,106.0,0.935483870967742
22389454,2018,4,105.0,0.7
22389454,2018,5,92.0,0.7096774193548387
22389454,2018,6,98.0,0.7333333333333333
22389454,2018,7,96.0,0.7096774193548387
22389454,2018,8,95.0,0.6774193548387096
22389454,2018,9,96.0,0.6
22389454,2018,10,96.0,0.6451612903225806
22389454,2018,11,96.0,0.7333333333333333
22389454,2018,12,95.0,0.6451612903225806
22389454,2019,1,95.0,0.5483870967741935
22389454,2019,2,96.0,0.5357142857142857
22389454,2019,3,96.0,0.8387096774193549
22389454,2019,4,87.0,1.0
22389454,2019,5,98.0,0.7096774193548387
22389454,2019,6,103.0,0.7
22389454,2019,7,104.0,0.1935483870967742
22389454,2019,8,102.0,0.1612903225806451
22389454,2019,9,101.0,0.1333333333333333
22389454,2019,10,101.0,0.0
22389454,2019,11,105.0,0.0
22389454,2019,12,111.0,0.5483870967741935
22389454,2020,1,98.0,0.3870967741935484
22389454,2020,2,108.0,0.7931034482758621
22389454,2020,3,103.0,0.3870967741935484
22389454,2020,4,104.0,0.9
22389454,2020,5,113.0,0.0967741935483871
22389454,2020,6,105.0,0.13
22389454,2020,7,120.0,0.06
22389454,2020,8,120.0,0.03
22389454,2020,9,95.0,0.47
22389454,2020,10,93.0,0.19
22389454,2020,11,90.0,0.8
22389454,2020,12,91.0,0.32
22389454,2021,1,100.0,0.35
22389454,2021,2,100.0,0.68
22389454,2021,3,100.0,0.58
22389454,2021,4,107.0,0.07
22389454,2021,5,101.0,0.77
